step,asp_time,heu_time,cr_time,declace_time,asp_cost,heu_cost,cr_cost,declace_cost,asp_placement,heu_placement,cr_placement,declace_placement
0,1.14469,0.38183,-1,1.14469,3671,4248,-1,3671,"(busybox,n4),(memcached,n4),(nginx,n4),(mariadb,n4),(memcached,n11)","(busybox,n4),(memcached,n4),(nginx,n4),(mariadb,n4),(busybox,n13),(nginx,n13),(mariadb,n13),(memcached,n27)",,"(busybox,n4),(memcached,n4),(nginx,n4),(mariadb,n4),(memcached,n11)"
1,0.53295,0.17615,0.23482,0.23482,2386,2963,2963,2963,"(busybox,n3),(memcached,n3),(nginx,n3),(mariadb,n3),(memcached,n5)","(busybox,n3),(memcached,n3),(nginx,n3),(mariadb,n3),(busybox,n13),(nginx,n13),(mariadb,n13),(memcached,n7)","(busybox,n3),(memcached,n3),(nginx,n3),(mariadb,n3),(busybox,n13),(nginx,n13),(mariadb,n13),(memcached,n7)","(busybox,n3),(memcached,n3),(nginx,n3),(mariadb,n3),(busybox,n13),(nginx,n13),(mariadb,n13),(memcached,n7)"
2,0.8716,0.18382,0.05018,0.05018,2386,2963,2963,2963,"(busybox,n3),(memcached,n3),(nginx,n3),(mariadb,n3),(memcached,n5)","(busybox,n3),(memcached,n3),(nginx,n3),(mariadb,n3),(busybox,n13),(nginx,n13),(mariadb,n13),(memcached,n7)","(busybox,n3),(memcached,n3),(nginx,n3),(mariadb,n3),(busybox,n13),(nginx,n13),(mariadb,n13),(memcached,n7)","(busybox,n3),(memcached,n3),(nginx,n3),(mariadb,n3),(busybox,n13),(nginx,n13),(mariadb,n13),(memcached,n7)"
3,0.72704,0.19331,0.22811,0.22811,1642,2215,2215,2215,"(busybox,n5),(memcached,n5),(nginx,n5),(mariadb,n5),(memcached,n22)","(busybox,n5),(memcached,n5),(nginx,n5),(mariadb,n5),(busybox,n13),(nginx,n13),(mariadb,n13),(memcached,n22)","(busybox,n5),(memcached,n5),(nginx,n5),(mariadb,n5),(busybox,n13),(nginx,n13),(mariadb,n13),(memcached,n22)","(busybox,n5),(memcached,n5),(nginx,n5),(mariadb,n5),(busybox,n13),(nginx,n13),(mariadb,n13),(memcached,n22)"
4,0.74934,0.1653,0.21816,0.21816,2339,2912,2912,2912,"(busybox,n3),(memcached,n3),(nginx,n3),(mariadb,n3),(memcached,n5)","(busybox,n3),(memcached,n3),(nginx,n3),(mariadb,n3),(busybox,n13),(nginx,n13),(mariadb,n13),(memcached,n7)","(busybox,n3),(memcached,n3),(nginx,n3),(mariadb,n3),(busybox,n13),(nginx,n13),(mariadb,n13),(memcached,n5)","(busybox,n3),(memcached,n3),(nginx,n3),(mariadb,n3),(busybox,n13),(nginx,n13),(mariadb,n13),(memcached,n5)"
5,0.83248,0.21836,0.32019,0.32019,2708,2896,2896,2896,"(busybox,n3),(memcached,n3),(nginx,n3),(mariadb,n3),(memcached,n5),(mariadb,n11)","(busybox,n3),(memcached,n3),(nginx,n3),(mariadb,n3),(busybox,n13),(nginx,n13),(memcached,n5),(mariadb,n27)","(busybox,n3),(nginx,n3),(mariadb,n3),(memcached,n3),(busybox,n11),(nginx,n11),(mariadb,n11),(memcached,n5)","(busybox,n3),(nginx,n3),(mariadb,n3),(memcached,n3),(busybox,n11),(nginx,n11),(mariadb,n11),(memcached,n5)"
6,0.80035,0.30232,5.62901,5.62901,2673,3228,3354,3354,"(busybox,n3),(memcached,n3),(nginx,n3),(mariadb,n3),(memcached,n9)","(busybox,n3),(memcached,n3),(nginx,n3),(mariadb,n3),(busybox,n13),(nginx,n13),(mariadb,n13),(memcached,n9)","(memcached,n4),(memcached,n3),(busybox,n3),(nginx,n3),(mariadb,n3),(memcached,n25),(busybox,n11),(nginx,n11),(mariadb,n11)","(memcached,n4),(memcached,n3),(busybox,n3),(nginx,n3),(mariadb,n3),(memcached,n25),(busybox,n11),(nginx,n11),(mariadb,n11)"
7,0.80065,0.34587,0.05709,0.05709,2673,3228,3354,3354,"(busybox,n3),(memcached,n3),(nginx,n3),(mariadb,n3),(memcached,n9)","(busybox,n3),(memcached,n3),(nginx,n3),(mariadb,n3),(busybox,n13),(nginx,n13),(mariadb,n13),(memcached,n9)","(busybox,n3),(memcached,n3),(nginx,n3),(mariadb,n3),(busybox,n11),(nginx,n11),(mariadb,n11),(memcached,n4),(memcached,n25)","(busybox,n3),(memcached,n3),(nginx,n3),(mariadb,n3),(busybox,n11),(nginx,n11),(mariadb,n11),(memcached,n4),(memcached,n25)"
8,0.79158,0.25994,0.04823,0.04823,2673,3228,3354,3354,"(busybox,n3),(memcached,n3),(nginx,n3),(mariadb,n3),(memcached,n9)","(busybox,n3),(memcached,n3),(nginx,n3),(mariadb,n3),(busybox,n13),(nginx,n13),(mariadb,n13),(memcached,n9)","(busybox,n3),(memcached,n3),(nginx,n3),(mariadb,n3),(busybox,n11),(nginx,n11),(mariadb,n11),(memcached,n4),(memcached,n25)","(busybox,n3),(memcached,n3),(nginx,n3),(mariadb,n3),(busybox,n11),(nginx,n11),(mariadb,n11),(memcached,n4),(memcached,n25)"
9,0.84957,0.24455,0.0562,0.0562,2547,3102,3354,3354,"(busybox,n3),(memcached,n3),(nginx,n3),(mariadb,n3),(memcached,n35)","(busybox,n3),(memcached,n3),(nginx,n3),(mariadb,n3),(busybox,n13),(nginx,n13),(mariadb,n13),(memcached,n35)","(busybox,n3),(memcached,n3),(nginx,n3),(mariadb,n3),(busybox,n11),(nginx,n11),(mariadb,n11),(memcached,n4),(memcached,n25)","(busybox,n3),(memcached,n3),(nginx,n3),(mariadb,n3),(busybox,n11),(nginx,n11),(mariadb,n11),(memcached,n4),(memcached,n25)"
10,0.6123,1.12082,0.05995,0.05995,2704,3824,3392,3392,"(busybox,n3),(memcached,n3),(nginx,n3),(mariadb,n3),(memcached,n25),(memcached,n35)","(busybox,n3),(memcached,n3),(nginx,n3),(mariadb,n3),(busybox,n27),(nginx,n27),(mariadb,n27),(busybox,n13),(nginx,n13),(mariadb,n13),(memcached,n35),(memcached,n25)","(busybox,n3),(memcached,n3),(nginx,n3),(mariadb,n3),(busybox,n11),(nginx,n11),(mariadb,n11),(memcached,n4),(memcached,n25)","(busybox,n3),(memcached,n3),(nginx,n3),(mariadb,n3),(busybox,n11),(nginx,n11),(mariadb,n11),(memcached,n4),(memcached,n25)"
11,0.82246,0.96287,0.34177,0.34177,3212,3771,3893,3893,"(busybox,n3),(memcached,n3),(nginx,n3),(mariadb,n3),(memcached,n25),(nginx,n25),(mariadb,n25),(memcached,n35)","(busybox,n3),(memcached,n3),(nginx,n3),(mariadb,n3),(busybox,n27),(busybox,n13),(nginx,n13),(mariadb,n13),(memcached,n35),(memcached,n25),(nginx,n25),(mariadb,n25)","(nginx,n3),(mariadb,n3),(busybox,n3),(memcached,n3),(nginx,n10),(mariadb,n10),(busybox,n11),(memcached,n4),(memcached,n25)","(nginx,n3),(mariadb,n3),(busybox,n3),(memcached,n3),(nginx,n10),(mariadb,n10),(busybox,n11),(memcached,n4),(memcached,n25)"
12,0.70768,0.25246,0.59198,0.59198,4767,4767,4767,4767,"(busybox,n4),(memcached,n4),(nginx,n4),(mariadb,n4),(memcached,n10),(nginx,n10),(mariadb,n10)","(busybox,n4),(memcached,n4),(nginx,n4),(mariadb,n4),(busybox,n13),(memcached,n10),(nginx,n10),(mariadb,n10)","(busybox,n4),(memcached,n4),(nginx,n4),(mariadb,n4),(busybox,n13),(memcached,n10),(nginx,n10),(mariadb,n10)","(busybox,n4),(memcached,n4),(nginx,n4),(mariadb,n4),(busybox,n13),(memcached,n10),(nginx,n10),(mariadb,n10)"
13,0.72575,0.23039,25.79181,25.79181,2724,2724,4208,4208,"(busybox,n3),(memcached,n3),(nginx,n3),(mariadb,n3),(memcached,n25),(nginx,n25),(mariadb,n25)","(busybox,n3),(memcached,n3),(nginx,n3),(mariadb,n3),(busybox,n13),(memcached,n25),(nginx,n25),(mariadb,n25)","(busybox,n3),(memcached,n3),(nginx,n3),(mariadb,n3),(busybox,n10),(memcached,n10),(busybox,n13),(memcached,n5),(nginx,n8),(mariadb,n8),(nginx,n25),(mariadb,n25)","(busybox,n3),(memcached,n3),(nginx,n3),(mariadb,n3),(busybox,n10),(memcached,n10),(busybox,n13),(memcached,n5),(nginx,n8),(mariadb,n8),(nginx,n25),(mariadb,n25)"
14,0.76826,0.36207,0.43479,0.43479,2534,3108,4372,4372,"(busybox,n3),(memcached,n3),(nginx,n3),(mariadb,n3),(memcached,n35)","(busybox,n3),(memcached,n3),(nginx,n3),(mariadb,n3),(busybox,n13),(nginx,n13),(mariadb,n13),(memcached,n35)","(memcached,n4),(memcached,n3),(busybox,n3),(nginx,n3),(mariadb,n3),(busybox,n10),(busybox,n13),(nginx,n8),(mariadb,n8),(nginx,n25),(mariadb,n25)","(memcached,n4),(memcached,n3),(busybox,n3),(nginx,n3),(mariadb,n3),(busybox,n10),(busybox,n13),(nginx,n8),(mariadb,n8),(nginx,n25),(mariadb,n25)"
15,0.94683,0.21623,17.03308,17.03308,2760,2760,4256,4256,"(busybox,n3),(memcached,n3),(nginx,n3),(mariadb,n3),(memcached,n25),(nginx,n25),(mariadb,n25)","(busybox,n3),(memcached,n3),(nginx,n3),(mariadb,n3),(busybox,n13),(memcached,n25),(nginx,n25),(mariadb,n25)","(memcached,n3),(busybox,n3),(nginx,n3),(mariadb,n3),(memcached,n5),(memcached,n10),(busybox,n10),(busybox,n13),(nginx,n8),(mariadb,n8),(nginx,n25),(mariadb,n25)","(memcached,n3),(busybox,n3),(nginx,n3),(mariadb,n3),(memcached,n5),(memcached,n10),(busybox,n10),(busybox,n13),(nginx,n8),(mariadb,n8),(nginx,n25),(mariadb,n25)"
16,0.88165,1.18174,19.00936,19.00936,3224,3798,4604,4604,"(busybox,n3),(memcached,n3),(nginx,n3),(mariadb,n3),(memcached,n25),(nginx,n25),(mariadb,n25),(memcached,n35)","(busybox,n3),(memcached,n3),(nginx,n3),(mariadb,n3),(busybox,n27),(busybox,n13),(nginx,n13),(mariadb,n13),(memcached,n35),(memcached,n25),(nginx,n25),(mariadb,n25)","(memcached,n4),(memcached,n3),(busybox,n3),(nginx,n3),(mariadb,n3),(memcached,n10),(busybox,n10),(busybox,n13),(nginx,n8),(mariadb,n8),(nginx,n25),(mariadb,n25)","(memcached,n4),(memcached,n3),(busybox,n3),(nginx,n3),(mariadb,n3),(memcached,n10),(busybox,n10),(busybox,n13),(nginx,n8),(mariadb,n8),(nginx,n25),(mariadb,n25)"
17,0.85859,1.08565,0.03277,0.03277,3224,3798,4604,4604,"(busybox,n3),(memcached,n3),(nginx,n3),(mariadb,n3),(memcached,n25),(nginx,n25),(mariadb,n25),(memcached,n35)","(busybox,n3),(memcached,n3),(nginx,n3),(mariadb,n3),(busybox,n27),(busybox,n13),(nginx,n13),(mariadb,n13),(memcached,n35),(memcached,n25),(nginx,n25),(mariadb,n25)","(busybox,n3),(memcached,n3),(nginx,n3),(mariadb,n3),(busybox,n10),(memcached,n10),(busybox,n13),(memcached,n4),(nginx,n8),(mariadb,n8),(nginx,n25),(mariadb,n25)","(busybox,n3),(memcached,n3),(nginx,n3),(mariadb,n3),(busybox,n10),(memcached,n10),(busybox,n13),(memcached,n4),(nginx,n8),(mariadb,n8),(nginx,n25),(mariadb,n25)"
18,0.78554,1.13969,0.05518,0.05518,3184,3744,4540,4540,"(busybox,n3),(memcached,n3),(nginx,n3),(mariadb,n3),(memcached,n25),(nginx,n25),(mariadb,n25),(memcached,n35)","(busybox,n3),(memcached,n3),(nginx,n3),(mariadb,n3),(busybox,n27),(busybox,n13),(nginx,n13),(mariadb,n13),(memcached,n35),(memcached,n25),(nginx,n25),(mariadb,n25)","(busybox,n3),(memcached,n3),(nginx,n3),(mariadb,n3),(busybox,n10),(memcached,n10),(busybox,n13),(memcached,n4),(nginx,n8),(mariadb,n8),(nginx,n25),(mariadb,n25)","(busybox,n3),(memcached,n3),(nginx,n3),(mariadb,n3),(busybox,n10),(memcached,n10),(busybox,n13),(memcached,n4),(nginx,n8),(mariadb,n8),(nginx,n25),(mariadb,n25)"
19,0.79931,1.17334,0.07604,0.07604,3184,3744,4540,4540,"(busybox,n3),(memcached,n3),(nginx,n3),(mariadb,n3),(memcached,n25),(nginx,n25),(mariadb,n25),(memcached,n35)","(busybox,n3),(memcached,n3),(nginx,n3),(mariadb,n3),(busybox,n27),(busybox,n13),(nginx,n13),(mariadb,n13),(memcached,n35),(memcached,n25),(nginx,n25),(mariadb,n25)","(busybox,n3),(memcached,n3),(nginx,n3),(mariadb,n3),(busybox,n10),(memcached,n10),(busybox,n13),(memcached,n4),(nginx,n8),(mariadb,n8),(nginx,n25),(mariadb,n25)","(busybox,n3),(memcached,n3),(nginx,n3),(mariadb,n3),(busybox,n10),(memcached,n10),(busybox,n13),(memcached,n4),(nginx,n8),(mariadb,n8),(nginx,n25),(mariadb,n25)"
20,0.79348,1.28579,0.07084,0.07084,3184,3744,4540,4540,"(busybox,n3),(memcached,n3),(nginx,n3),(mariadb,n3),(memcached,n25),(nginx,n25),(mariadb,n25),(memcached,n35)","(busybox,n3),(memcached,n3),(nginx,n3),(mariadb,n3),(busybox,n27),(busybox,n13),(nginx,n13),(mariadb,n13),(memcached,n35),(memcached,n25),(nginx,n25),(mariadb,n25)","(busybox,n3),(memcached,n3),(nginx,n3),(mariadb,n3),(busybox,n10),(memcached,n10),(busybox,n13),(memcached,n4),(nginx,n8),(mariadb,n8),(nginx,n25),(mariadb,n25)","(busybox,n3),(memcached,n3),(nginx,n3),(mariadb,n3),(busybox,n10),(memcached,n10),(busybox,n13),(memcached,n4),(nginx,n8),(mariadb,n8),(nginx,n25),(mariadb,n25)"
21,0.90511,0.29248,0.07176,0.07176,2712,2712,4540,4540,"(busybox,n3),(memcached,n3),(nginx,n3),(mariadb,n3),(memcached,n25),(nginx,n25),(mariadb,n25)","(busybox,n3),(memcached,n3),(nginx,n3),(mariadb,n3),(busybox,n13),(memcached,n25),(nginx,n25),(mariadb,n25)","(busybox,n3),(memcached,n3),(nginx,n3),(mariadb,n3),(busybox,n10),(memcached,n10),(busybox,n13),(memcached,n4),(nginx,n8),(mariadb,n8),(nginx,n25),(mariadb,n25)","(busybox,n3),(memcached,n3),(nginx,n3),(mariadb,n3),(busybox,n10),(memcached,n10),(busybox,n13),(memcached,n4),(nginx,n8),(mariadb,n8),(nginx,n25),(mariadb,n25)"
22,0.94711,1.10588,0.09787,0.09787,3184,3744,4540,4540,"(busybox,n3),(memcached,n3),(nginx,n3),(mariadb,n3),(memcached,n25),(nginx,n25),(mariadb,n25),(memcached,n35)","(busybox,n3),(memcached,n3),(nginx,n3),(mariadb,n3),(busybox,n27),(busybox,n13),(nginx,n13),(mariadb,n13),(memcached,n35),(memcached,n25),(nginx,n25),(mariadb,n25)","(busybox,n3),(memcached,n3),(nginx,n3),(mariadb,n3),(busybox,n10),(memcached,n10),(busybox,n13),(memcached,n4),(nginx,n8),(mariadb,n8),(nginx,n25),(mariadb,n25)","(busybox,n3),(memcached,n3),(nginx,n3),(mariadb,n3),(busybox,n10),(memcached,n10),(busybox,n13),(memcached,n4),(nginx,n8),(mariadb,n8),(nginx,n25),(mariadb,n25)"
23,0.96958,0.99749,0.10368,0.10368,3184,3744,4540,4540,"(busybox,n3),(memcached,n3),(nginx,n3),(mariadb,n3),(memcached,n25),(nginx,n25),(mariadb,n25),(memcached,n35)","(busybox,n3),(memcached,n3),(nginx,n3),(mariadb,n3),(busybox,n30),(busybox,n13),(nginx,n13),(mariadb,n13),(memcached,n35),(memcached,n25),(nginx,n25),(mariadb,n25)","(busybox,n3),(memcached,n3),(nginx,n3),(mariadb,n3),(busybox,n10),(memcached,n10),(busybox,n13),(memcached,n4),(nginx,n8),(mariadb,n8),(nginx,n25),(mariadb,n25)","(busybox,n3),(memcached,n3),(nginx,n3),(mariadb,n3),(busybox,n10),(memcached,n10),(busybox,n13),(memcached,n4),(nginx,n8),(mariadb,n8),(nginx,n25),(mariadb,n25)"
24,1.02692,0.23763,0.3319,0.3319,2506,3066,4540,4540,"(busybox,n3),(memcached,n3),(nginx,n3),(mariadb,n3),(memcached,n35)","(busybox,n3),(memcached,n3),(nginx,n3),(mariadb,n3),(busybox,n27),(nginx,n27),(mariadb,n27),(memcached,n35)","(busybox,n3),(memcached,n3),(nginx,n3),(mariadb,n3),(busybox,n10),(memcached,n10),(memcached,n4),(nginx,n8),(mariadb,n8),(nginx,n25),(mariadb,n25)","(busybox,n3),(memcached,n3),(nginx,n3),(mariadb,n3),(busybox,n10),(memcached,n10),(memcached,n4),(nginx,n8),(mariadb,n8),(nginx,n25),(mariadb,n25)"
25,0.83089,0.22764,0.41707,0.41707,4068,4068,4186,4186,"(busybox,n4),(memcached,n4),(nginx,n4),(mariadb,n4),(memcached,n25),(nginx,n25),(mariadb,n25)","(busybox,n4),(memcached,n4),(nginx,n4),(mariadb,n4),(busybox,n13),(memcached,n25),(nginx,n25),(mariadb,n25)","(busybox,n4),(memcached,n4),(nginx,n4),(mariadb,n4),(busybox,n13),(memcached,n10),(nginx,n25),(mariadb,n25)","(busybox,n4),(memcached,n4),(nginx,n4),(mariadb,n4),(busybox,n13),(memcached,n10),(nginx,n25),(mariadb,n25)"
26,1.06062,1.46792,22.59516,22.59516,3184,3744,5660,5660,"(busybox,n3),(memcached,n3),(nginx,n3),(mariadb,n3),(memcached,n25),(nginx,n25),(mariadb,n25),(memcached,n35)","(busybox,n3),(memcached,n3),(nginx,n3),(mariadb,n3),(busybox,n27),(busybox,n13),(nginx,n13),(mariadb,n13),(memcached,n35),(memcached,n25),(nginx,n25),(mariadb,n25)","(busybox,n3),(memcached,n3),(nginx,n3),(mariadb,n3),(busybox,n7),(busybox,n13),(nginx,n13),(mariadb,n13),(memcached,n4),(memcached,n10),(nginx,n6),(mariadb,n6)","(busybox,n3),(memcached,n3),(nginx,n3),(mariadb,n3),(busybox,n7),(busybox,n13),(nginx,n13),(mariadb,n13),(memcached,n4),(memcached,n10),(nginx,n6),(mariadb,n6)"
27,0.84302,1.1705,0.07176,0.07176,3184,3744,5660,5660,"(busybox,n3),(memcached,n3),(nginx,n3),(mariadb,n3),(memcached,n25),(nginx,n25),(mariadb,n25),(memcached,n35)","(busybox,n3),(memcached,n3),(nginx,n3),(mariadb,n3),(busybox,n27),(busybox,n13),(nginx,n13),(mariadb,n13),(memcached,n35),(memcached,n25),(nginx,n25),(mariadb,n25)","(busybox,n3),(memcached,n3),(nginx,n3),(mariadb,n3),(busybox,n7),(busybox,n13),(nginx,n13),(mariadb,n13),(memcached,n4),(memcached,n10),(nginx,n6),(mariadb,n6)","(busybox,n3),(memcached,n3),(nginx,n3),(mariadb,n3),(busybox,n7),(busybox,n13),(nginx,n13),(mariadb,n13),(memcached,n4),(memcached,n10),(nginx,n6),(mariadb,n6)"
28,1.13514,1.07432,0.09045,0.09045,3184,3744,5660,5660,"(busybox,n3),(memcached,n3),(nginx,n3),(mariadb,n3),(memcached,n25),(nginx,n25),(mariadb,n25),(memcached,n35)","(busybox,n3),(memcached,n3),(nginx,n3),(mariadb,n3),(busybox,n27),(busybox,n13),(nginx,n13),(mariadb,n13),(memcached,n35),(memcached,n25),(nginx,n25),(mariadb,n25)","(busybox,n3),(memcached,n3),(nginx,n3),(mariadb,n3),(busybox,n7),(busybox,n13),(nginx,n13),(mariadb,n13),(memcached,n4),(memcached,n10),(nginx,n6),(mariadb,n6)","(busybox,n3),(memcached,n3),(nginx,n3),(mariadb,n3),(busybox,n7),(busybox,n13),(nginx,n13),(mariadb,n13),(memcached,n4),(memcached,n10),(nginx,n6),(mariadb,n6)"
29,0.85838,0.22301,0.34865,0.34865,4068,4068,4186,4186,"(busybox,n4),(memcached,n4),(nginx,n4),(mariadb,n4),(memcached,n25),(nginx,n25),(mariadb,n25)","(busybox,n4),(memcached,n4),(nginx,n4),(mariadb,n4),(busybox,n13),(memcached,n25),(nginx,n25),(mariadb,n25)","(busybox,n4),(memcached,n4),(nginx,n4),(mariadb,n4),(busybox,n13),(memcached,n10),(nginx,n25),(mariadb,n25)","(busybox,n4),(memcached,n4),(nginx,n4),(mariadb,n4),(busybox,n13),(memcached,n10),(nginx,n25),(mariadb,n25)"
30,0.83121,1.2162,29.63302,29.63302,3184,3744,4540,4540,"(busybox,n3),(memcached,n3),(nginx,n3),(mariadb,n3),(memcached,n25),(nginx,n25),(mariadb,n25),(memcached,n35)","(busybox,n3),(memcached,n3),(nginx,n3),(mariadb,n3),(busybox,n27),(busybox,n13),(nginx,n13),(mariadb,n13),(memcached,n35),(memcached,n25),(nginx,n25),(mariadb,n25)","(busybox,n3),(memcached,n3),(nginx,n3),(mariadb,n3),(busybox,n5),(nginx,n5),(mariadb,n5),(busybox,n13),(memcached,n4),(memcached,n10),(nginx,n25),(mariadb,n25)","(busybox,n3),(memcached,n3),(nginx,n3),(mariadb,n3),(busybox,n5),(nginx,n5),(mariadb,n5),(busybox,n13),(memcached,n4),(memcached,n10),(nginx,n25),(mariadb,n25)"
31,0.55675,1.05043,0.06974,0.06974,3184,3744,4540,4540,"(busybox,n3),(memcached,n3),(nginx,n3),(mariadb,n3),(memcached,n25),(nginx,n25),(mariadb,n25),(memcached,n35)","(busybox,n3),(memcached,n3),(nginx,n3),(mariadb,n3),(busybox,n27),(busybox,n13),(nginx,n13),(mariadb,n13),(memcached,n35),(memcached,n25),(nginx,n25),(mariadb,n25)","(busybox,n3),(memcached,n3),(nginx,n3),(mariadb,n3),(busybox,n5),(nginx,n5),(mariadb,n5),(busybox,n13),(memcached,n4),(memcached,n10),(nginx,n25),(mariadb,n25)","(busybox,n3),(memcached,n3),(nginx,n3),(mariadb,n3),(busybox,n5),(nginx,n5),(mariadb,n5),(busybox,n13),(memcached,n4),(memcached,n10),(nginx,n25),(mariadb,n25)"
32,0.99591,3.38561,65.0881,66.08400999999999,4392,4569,-1,4392,"(busybox,n3),(memcached,n3),(nginx,n3),(mariadb,n3),(memcached,n7),(mariadb,n7),(memcached,n47),(nginx,n47),(mariadb,n47)","(busybox,n3),(memcached,n3),(nginx,n3),(mariadb,n3),(busybox,n13),(busybox,n27),(nginx,n27),(memcached,n7),(mariadb,n7),(memcached,n10),(nginx,n10),(mariadb,n10)",,"(busybox,n3),(memcached,n3),(nginx,n3),(mariadb,n3),(memcached,n7),(mariadb,n7),(memcached,n47),(nginx,n47),(mariadb,n47)"
33,1.05258,0.24962,0.45356,0.45356,4134,4134,4423,4423,"(busybox,n4),(memcached,n4),(nginx,n4),(mariadb,n4),(memcached,n25),(nginx,n25),(mariadb,n25)","(busybox,n4),(memcached,n4),(nginx,n4),(mariadb,n4),(busybox,n13),(memcached,n25),(nginx,n25),(mariadb,n25)","(busybox,n4),(memcached,n4),(nginx,n4),(mariadb,n4),(busybox,n13),(memcached,n10),(nginx,n10),(mariadb,n25)","(busybox,n4),(memcached,n4),(nginx,n4),(mariadb,n4),(busybox,n13),(memcached,n10),(nginx,n10),(mariadb,n25)"
34,1.16078,2.46065,40.44767,40.44767,4152,4152,6510,6510,"(busybox,n3),(memcached,n3),(nginx,n3),(mariadb,n3),(memcached,n22),(nginx,n22),(mariadb,n22),(memcached,n25),(nginx,n25),(mariadb,n25)","(busybox,n3),(memcached,n3),(nginx,n3),(mariadb,n3),(busybox,n27),(busybox,n13),(memcached,n22),(nginx,n22),(mariadb,n22),(memcached,n25),(nginx,n25),(mariadb,n25)","(busybox,n3),(memcached,n3),(nginx,n3),(mariadb,n3),(busybox,n5),(busybox,n13),(memcached,n4),(nginx,n4),(mariadb,n4),(memcached,n10),(nginx,n10),(mariadb,n25)","(busybox,n3),(memcached,n3),(nginx,n3),(mariadb,n3),(busybox,n5),(busybox,n13),(memcached,n4),(nginx,n4),(mariadb,n4),(memcached,n10),(nginx,n10),(mariadb,n25)"
35,1.04852,0.24983,0.09197,0.09197,2744,2744,6452,6452,"(busybox,n3),(memcached,n3),(nginx,n3),(mariadb,n3),(memcached,n25),(nginx,n25),(mariadb,n25)","(busybox,n3),(memcached,n3),(nginx,n3),(mariadb,n3),(busybox,n13),(memcached,n25),(nginx,n25),(mariadb,n25)","(busybox,n3),(memcached,n3),(nginx,n3),(mariadb,n3),(busybox,n5),(busybox,n13),(memcached,n4),(nginx,n4),(mariadb,n4),(memcached,n10),(nginx,n10),(mariadb,n25)","(busybox,n3),(memcached,n3),(nginx,n3),(mariadb,n3),(busybox,n5),(busybox,n13),(memcached,n4),(nginx,n4),(mariadb,n4),(memcached,n10),(nginx,n10),(mariadb,n25)"
36,1.15719,2.35872,65.06037,66.21756,3776,3946,-1,3776,"(busybox,n3),(memcached,n3),(nginx,n3),(mariadb,n3),(memcached,n25),(nginx,n25),(mariadb,n25),(memcached,n31),(mariadb,n31)","(busybox,n3),(memcached,n3),(nginx,n3),(mariadb,n3),(busybox,n27),(busybox,n13),(nginx,n13),(memcached,n22),(mariadb,n22),(memcached,n25),(nginx,n25),(mariadb,n25)",,"(busybox,n3),(memcached,n3),(nginx,n3),(mariadb,n3),(memcached,n25),(nginx,n25),(mariadb,n25),(memcached,n31),(mariadb,n31)"
37,0.78736,0.29232,18.93626,18.93626,3090,3260,5772,5772,"(busybox,n3),(memcached,n3),(nginx,n3),(mariadb,n3),(memcached,n31),(mariadb,n31)","(busybox,n3),(memcached,n3),(nginx,n3),(mariadb,n3),(busybox,n13),(nginx,n13),(memcached,n22),(mariadb,n22)","(busybox,n3),(memcached,n3),(nginx,n3),(mariadb,n3),(busybox,n5),(nginx,n5),(busybox,n13),(nginx,n13),(mariadb,n13),(memcached,n4),(mariadb,n4),(memcached,n7)","(busybox,n3),(memcached,n3),(nginx,n3),(mariadb,n3),(busybox,n5),(nginx,n5),(busybox,n13),(nginx,n13),(mariadb,n13),(memcached,n4),(mariadb,n4),(memcached,n7)"
38,0.89707,0.12009,0.05599,0.05599,2103,2103,5886,5886,"(busybox,n3),(memcached,n3),(nginx,n3),(mariadb,n3)","(busybox,n3),(memcached,n3),(nginx,n3),(mariadb,n3)","(busybox,n3),(memcached,n3),(nginx,n3),(mariadb,n3),(busybox,n5),(nginx,n5),(busybox,n13),(nginx,n13),(mariadb,n13),(memcached,n4),(mariadb,n4),(memcached,n7)","(busybox,n3),(memcached,n3),(nginx,n3),(mariadb,n3),(busybox,n5),(nginx,n5),(busybox,n13),(nginx,n13),(mariadb,n13),(memcached,n4),(mariadb,n4),(memcached,n7)"
39,0.76223,0.10784,0.07427,0.07427,2103,2103,5886,5886,"(busybox,n3),(memcached,n3),(nginx,n3),(mariadb,n3)","(busybox,n3),(memcached,n3),(nginx,n3),(mariadb,n3)","(busybox,n3),(memcached,n3),(nginx,n3),(mariadb,n3),(busybox,n5),(nginx,n5),(busybox,n13),(nginx,n13),(mariadb,n13),(memcached,n4),(mariadb,n4),(memcached,n7)","(busybox,n3),(memcached,n3),(nginx,n3),(mariadb,n3),(busybox,n5),(nginx,n5),(busybox,n13),(nginx,n13),(mariadb,n13),(memcached,n4),(mariadb,n4),(memcached,n7)"
40,1.16603,0.12554,0.07621,0.07621,2172,2172,6078,6078,"(busybox,n3),(memcached,n3),(nginx,n3),(mariadb,n3)","(busybox,n3),(memcached,n3),(nginx,n3),(mariadb,n3)","(busybox,n3),(memcached,n3),(nginx,n3),(mariadb,n3),(busybox,n5),(nginx,n5),(busybox,n13),(nginx,n13),(mariadb,n13),(memcached,n4),(mariadb,n4),(memcached,n7)","(busybox,n3),(memcached,n3),(nginx,n3),(mariadb,n3),(busybox,n5),(nginx,n5),(busybox,n13),(nginx,n13),(mariadb,n13),(memcached,n4),(mariadb,n4),(memcached,n7)"
41,0.73742,0.09984,0.07187,0.07187,2160,2160,6045,6045,"(busybox,n3),(memcached,n3),(nginx,n3),(mariadb,n3)","(busybox,n3),(memcached,n3),(nginx,n3),(mariadb,n3)","(busybox,n3),(memcached,n3),(nginx,n3),(mariadb,n3),(busybox,n5),(nginx,n5),(busybox,n13),(nginx,n13),(mariadb,n13),(memcached,n4),(mariadb,n4),(memcached,n7)","(busybox,n3),(memcached,n3),(nginx,n3),(mariadb,n3),(busybox,n5),(nginx,n5),(busybox,n13),(nginx,n13),(mariadb,n13),(memcached,n4),(mariadb,n4),(memcached,n7)"
42,0.85242,0.12673,0.08755,0.08755,2163,2163,6032,6032,"(busybox,n3),(memcached,n3),(nginx,n3),(mariadb,n3)","(busybox,n3),(memcached,n3),(nginx,n3),(mariadb,n3)","(busybox,n3),(memcached,n3),(nginx,n3),(mariadb,n3),(busybox,n5),(nginx,n5),(busybox,n13),(nginx,n13),(mariadb,n13),(memcached,n4),(mariadb,n4),(memcached,n7)","(busybox,n3),(memcached,n3),(nginx,n3),(mariadb,n3),(busybox,n5),(nginx,n5),(busybox,n13),(nginx,n13),(mariadb,n13),(memcached,n4),(mariadb,n4),(memcached,n7)"
43,0.70502,0.12383,0.07786,0.07786,2163,2163,6032,6032,"(busybox,n3),(memcached,n3),(nginx,n3),(mariadb,n3)","(busybox,n3),(memcached,n3),(nginx,n3),(mariadb,n3)","(busybox,n3),(memcached,n3),(nginx,n3),(mariadb,n3),(busybox,n5),(nginx,n5),(busybox,n13),(nginx,n13),(mariadb,n13),(memcached,n4),(mariadb,n4),(memcached,n7)","(busybox,n3),(memcached,n3),(nginx,n3),(mariadb,n3),(busybox,n5),(nginx,n5),(busybox,n13),(nginx,n13),(mariadb,n13),(memcached,n4),(mariadb,n4),(memcached,n7)"
44,0.71412,0.11143,0.05759,0.05759,2163,2163,6032,6032,"(busybox,n3),(memcached,n3),(nginx,n3),(mariadb,n3)","(busybox,n3),(memcached,n3),(nginx,n3),(mariadb,n3)","(busybox,n3),(memcached,n3),(nginx,n3),(mariadb,n3),(busybox,n5),(nginx,n5),(busybox,n13),(nginx,n13),(mariadb,n13),(memcached,n4),(mariadb,n4),(memcached,n7)","(busybox,n3),(memcached,n3),(nginx,n3),(mariadb,n3),(busybox,n5),(nginx,n5),(busybox,n13),(nginx,n13),(mariadb,n13),(memcached,n4),(mariadb,n4),(memcached,n7)"
45,0.79434,0.12514,0.05205,0.05205,2124,2124,5916,5916,"(busybox,n3),(memcached,n3),(nginx,n3),(mariadb,n3)","(busybox,n3),(memcached,n3),(nginx,n3),(mariadb,n3)","(busybox,n3),(memcached,n3),(nginx,n3),(mariadb,n3),(busybox,n5),(nginx,n5),(busybox,n13),(nginx,n13),(mariadb,n13),(memcached,n4),(mariadb,n4),(memcached,n7)","(busybox,n3),(memcached,n3),(nginx,n3),(mariadb,n3),(busybox,n5),(nginx,n5),(busybox,n13),(nginx,n13),(mariadb,n13),(memcached,n4),(mariadb,n4),(memcached,n7)"
46,0.99119,0.12824,0.08337,0.08337,2124,2124,5916,5916,"(busybox,n3),(memcached,n3),(nginx,n3),(mariadb,n3)","(busybox,n3),(memcached,n3),(nginx,n3),(mariadb,n3)","(busybox,n3),(memcached,n3),(nginx,n3),(mariadb,n3),(busybox,n5),(nginx,n5),(busybox,n13),(nginx,n13),(mariadb,n13),(memcached,n4),(mariadb,n4),(memcached,n7)","(busybox,n3),(memcached,n3),(nginx,n3),(mariadb,n3),(busybox,n5),(nginx,n5),(busybox,n13),(nginx,n13),(mariadb,n13),(memcached,n4),(mariadb,n4),(memcached,n7)"
47,1.06684,0.08608,0.06202,0.06202,2124,2124,5916,5916,"(busybox,n3),(memcached,n3),(nginx,n3),(mariadb,n3)","(busybox,n3),(memcached,n3),(nginx,n3),(mariadb,n3)","(busybox,n3),(memcached,n3),(nginx,n3),(mariadb,n3),(busybox,n5),(nginx,n5),(busybox,n13),(nginx,n13),(mariadb,n13),(memcached,n4),(mariadb,n4),(memcached,n7)","(busybox,n3),(memcached,n3),(nginx,n3),(mariadb,n3),(busybox,n5),(nginx,n5),(busybox,n13),(nginx,n13),(mariadb,n13),(memcached,n4),(mariadb,n4),(memcached,n7)"
48,0.84116,0.45917,65.06931,65.91047,3430,3430,-1,3430,"(busybox,n3),(memcached,n3),(nginx,n3),(mariadb,n3),(memcached,n22),(mariadb,n22),(nginx,n31)","(busybox,n3),(memcached,n3),(nginx,n3),(mariadb,n3),(busybox,n13),(memcached,n22),(nginx,n22),(mariadb,n22)",,"(busybox,n3),(memcached,n3),(nginx,n3),(mariadb,n3),(memcached,n22),(mariadb,n22),(nginx,n31)"
49,0.88833,0.08469,1.04463,1.04463,2058,2058,3430,3430,"(busybox,n3),(memcached,n3),(nginx,n3),(mariadb,n3)","(busybox,n3),(memcached,n3),(nginx,n3),(mariadb,n3)","(busybox,n3),(memcached,n3),(nginx,n3),(mariadb,n3),(busybox,n5),(memcached,n5),(nginx,n5),(mariadb,n5)","(busybox,n3),(memcached,n3),(nginx,n3),(mariadb,n3),(busybox,n5),(memcached,n5),(nginx,n5),(mariadb,n5)"
50,0.81233,0.07156,0.05128,0.05128,2058,2058,3430,3430,"(busybox,n3),(memcached,n3),(nginx,n3),(mariadb,n3)","(busybox,n3),(memcached,n3),(nginx,n3),(mariadb,n3)","(busybox,n3),(memcached,n3),(nginx,n3),(mariadb,n3),(busybox,n5),(memcached,n5),(nginx,n5),(mariadb,n5)","(busybox,n3),(memcached,n3),(nginx,n3),(mariadb,n3),(busybox,n5),(memcached,n5),(nginx,n5),(mariadb,n5)"
51,0.69083,0.13286,0.04847,0.04847,2013,2013,3355,3355,"(busybox,n3),(memcached,n3),(nginx,n3),(mariadb,n3)","(busybox,n3),(memcached,n3),(nginx,n3),(mariadb,n3)","(busybox,n3),(memcached,n3),(nginx,n3),(mariadb,n3),(busybox,n5),(memcached,n5),(nginx,n5),(mariadb,n5)","(busybox,n3),(memcached,n3),(nginx,n3),(mariadb,n3),(busybox,n5),(memcached,n5),(nginx,n5),(mariadb,n5)"
52,1.10569,0.11773,0.08816,0.08816,2013,2013,3355,3355,"(busybox,n3),(memcached,n3),(nginx,n3),(mariadb,n3)","(busybox,n3),(memcached,n3),(nginx,n3),(mariadb,n3)","(busybox,n3),(memcached,n3),(nginx,n3),(mariadb,n3),(busybox,n5),(memcached,n5),(nginx,n5),(mariadb,n5)","(busybox,n3),(memcached,n3),(nginx,n3),(mariadb,n3),(busybox,n5),(memcached,n5),(nginx,n5),(mariadb,n5)"
53,0.91021,0.13333,0.83712,0.83712,3435,3435,4418,4418,"(busybox,n4),(memcached,n4),(nginx,n4),(mariadb,n4)","(busybox,n4),(memcached,n4),(nginx,n4),(mariadb,n4)","(busybox,n4),(memcached,n4),(nginx,n4),(mariadb,n4),(busybox,n13),(memcached,n5),(nginx,n7),(mariadb,n11)","(busybox,n4),(memcached,n4),(nginx,n4),(mariadb,n4),(busybox,n13),(memcached,n5),(nginx,n7),(mariadb,n11)"
54,1.14666,0.10723,59.46603,59.46603,2061,2061,6479,6479,"(busybox,n3),(memcached,n3),(nginx,n3),(mariadb,n3)","(busybox,n3),(memcached,n3),(nginx,n3),(mariadb,n3)","(busybox,n4),(memcached,n4),(nginx,n4),(mariadb,n4),(busybox,n3),(memcached,n3),(nginx,n3),(mariadb,n3),(busybox,n13),(memcached,n5),(nginx,n7),(mariadb,n11)","(busybox,n4),(memcached,n4),(nginx,n4),(mariadb,n4),(busybox,n3),(memcached,n3),(nginx,n3),(mariadb,n3),(busybox,n13),(memcached,n5),(nginx,n7),(mariadb,n11)"
55,1.0556,0.10845,0.0836,0.0836,2061,2061,6479,6479,"(busybox,n3),(memcached,n3),(nginx,n3),(mariadb,n3)","(busybox,n3),(memcached,n3),(nginx,n3),(mariadb,n3)","(busybox,n4),(memcached,n4),(nginx,n4),(mariadb,n4),(busybox,n3),(memcached,n3),(nginx,n3),(mariadb,n3),(busybox,n13),(memcached,n5),(nginx,n7),(mariadb,n11)","(busybox,n4),(memcached,n4),(nginx,n4),(mariadb,n4),(busybox,n3),(memcached,n3),(nginx,n3),(mariadb,n3),(busybox,n13),(memcached,n5),(nginx,n7),(mariadb,n11)"
56,0.90458,0.11572,0.68332,0.68332,2061,2061,6479,6479,"(busybox,n3),(memcached,n3),(nginx,n3),(mariadb,n3)","(busybox,n3),(memcached,n3),(nginx,n3),(mariadb,n3)","(busybox,n4),(memcached,n4),(nginx,n4),(mariadb,n4),(busybox,n3),(memcached,n3),(nginx,n3),(mariadb,n3),(memcached,n5),(nginx,n7),(mariadb,n11)","(busybox,n4),(memcached,n4),(nginx,n4),(mariadb,n4),(busybox,n3),(memcached,n3),(nginx,n3),(mariadb,n3),(memcached,n5),(nginx,n7),(mariadb,n11)"
57,1.18771,0.1496,0.06639,0.06639,2061,2061,6476,6476,"(busybox,n3),(memcached,n3),(nginx,n3),(mariadb,n3)","(busybox,n3),(memcached,n3),(nginx,n3),(mariadb,n3)","(busybox,n4),(memcached,n4),(nginx,n4),(mariadb,n4),(busybox,n3),(memcached,n3),(nginx,n3),(mariadb,n3),(memcached,n5),(nginx,n7),(mariadb,n11)","(busybox,n4),(memcached,n4),(nginx,n4),(mariadb,n4),(busybox,n3),(memcached,n3),(nginx,n3),(mariadb,n3),(memcached,n5),(nginx,n7),(mariadb,n11)"
58,0.78521,6.9248,65.05181,65.83702000000001,6183,6183,-1,6183,"(busybox,n3),(memcached,n3),(nginx,n3),(mariadb,n3),(memcached,n8),(nginx,n8),(mariadb,n8),(memcached,n35),(nginx,n35),(mariadb,n35)","(busybox,n3),(memcached,n3),(nginx,n3),(mariadb,n3),(busybox,n27),(busybox,n13),(memcached,n35),(nginx,n35),(mariadb,n35),(memcached,n22),(nginx,n22),(mariadb,n22)",,"(busybox,n3),(memcached,n3),(nginx,n3),(mariadb,n3),(memcached,n8),(nginx,n8),(mariadb,n8),(memcached,n35),(nginx,n35),(mariadb,n35)"
59,1.03236,0.11962,65.0535,66.08586,2076,2076,-1,2076,"(busybox,n3),(memcached,n3),(nginx,n3),(mariadb,n3)","(busybox,n3),(memcached,n3),(nginx,n3),(mariadb,n3)",,"(busybox,n3),(memcached,n3),(nginx,n3),(mariadb,n3)"
60,1.02898,0.12878,65.06832,66.0973,2118,2118,-1,2118,"(busybox,n3),(memcached,n3),(nginx,n3),(mariadb,n3)","(busybox,n3),(memcached,n3),(nginx,n3),(mariadb,n3)",,"(busybox,n3),(memcached,n3),(nginx,n3),(mariadb,n3)"
61,0.86797,0.33368,62.71323,62.71323,3530,3530,4942,4942,"(busybox,n3),(memcached,n3),(nginx,n3),(mariadb,n3),(memcached,n22),(nginx,n22),(mariadb,n22)","(busybox,n3),(memcached,n3),(nginx,n3),(mariadb,n3),(busybox,n13),(memcached,n22),(nginx,n22),(mariadb,n22)","(busybox,n3),(memcached,n3),(nginx,n3),(mariadb,n3),(busybox,n5),(memcached,n5),(nginx,n5),(mariadb,n5),(busybox,n13),(memcached,n22),(nginx,n22),(mariadb,n22)","(busybox,n3),(memcached,n3),(nginx,n3),(mariadb,n3),(busybox,n5),(memcached,n5),(nginx,n5),(mariadb,n5),(busybox,n13),(memcached,n22),(nginx,n22),(mariadb,n22)"
